User0804,Imran,Khan,khan67,Using chato from Adiala
User2018,Shahbaz,Sharif,pm1234,hehehehehe
User1945,Adolf,Hitler,volk1234,Ein Volk. ein Reich. ein Führer
User2387,Asim,Munir,ghq123,Chato! Meri jind. Meri jaan.
User4470,Nawaz,Sharif,sharif333,Mughay kiun nikala
User9842,Maryan,Nawaz,cm1234,Hellow there.I am using chato
User1387,Elon,Musk,space99,X Æ A-1
User2007,Anas,Abbasi,anas123,Typing...hmmm
User1722,Khooz,Badshah,badshah333,Just started using chato
User1157,Hassaan,Abbasi,shahji312,I love using chato
User9988,Ali,Haider,ali123,Hello I am using Chato
User7450,Ayan,Gulfaraz,gullu204,Hi. Gullu here. How can i help you ?
User9488,Mussawar,Khan,khan999,gaannggaayyyyy
User1457,Abdullah,Saleem,molvi722,I am in the watterrr.help me
